problem,planLength,totalTime,ehcTime,bfsTime
1,10,0.0525892,0.0342026,0.0
2,16,0.4096624,0.35979049999999996,0.0
3,19,0.7284654,0.6865462,0.0
4,32,4.0591513,3.9888979,0.0
5,-,-,-,-
6,40,114.4066361,18.2223485,96.0582506
7,48,204.5643829,10.774875300000001,193.6894747
8,55,63.8391363,63.6697984,0.0
9,-,-,-,-
10,-,-,-,-
11,-,-,-,-
12,-,-,-,-
13,-,-,-,-
14,-,-,-,-
15,-,-,-,-
16,-,-,-,-
17,-,-,-,-
18,-,-,-,-
19,-,-,-,-
20,-,-,-,-
